rownum,CUI1,CUI2,ce
0,C1883335,C1738209,-0.021742194890975952
1,C1568684,C1209357,-0.17540952563285828
2,C1382941,C3378713,0.08813420683145523
3,C0485751,C2916993,0.031172767281532288
4,C1315157,C1703476,0.6027995944023132
5,C1334310,C0358458,-0.14716432988643646
6,C2657225,C2360082,-0.06592698395252228
7,C3156320,C0818149,0.09680003672838211
8,C2607213,C3012660,0.1475076526403427
9,C1741745,C0796389,0.0798913836479187
10,C0798948,C3658282,0.20389315485954285
11,C0647743,C2002074,0.05281434953212738
12,C3982742,C0232124,0.009634220041334629
13,C3428444,C3322411,-0.2958407998085022
14,C0804243,C3847422,-0.07299406826496124
15,C0485463,C1157352,0.17936189472675323
16,C3569086,C3952801,0.33541345596313477
17,C0034540,C3569575,0.22978030145168304
18,C2428136,C0002573,-0.006616312079131603
19,C2986140,C0386058,0.26861000061035156
20,C1543872,C3375030,-0.05256256088614464
21,C1722391,C0331498,0.0834394320845604
22,C1505239,C0366577,0.020777223631739616
23,C0787020,C0018497,-0.05540423095226288
24,C2610682,C1999875,0.2315632700920105
25,C0687821,C1279956,-0.07328754663467407
26,C1143736,C2949881,-0.07200071960687637
27,C0733383,C2384508,0.06861433386802673
28,C1346290,C1990794,0.14436288177967072
29,C0302363,C3924734,0.19601204991340637
30,C2649876,C2362605,0.05871835723519325
31,C2645527,C0282312,0.1411709040403366
32,C2942817,C0943721,0.06566337496042252
33,C0039821,C3534718,0.05176445096731186
34,C3365344,C1355003,0.004848626907914877
35,C0205394,C0503833,0.09755229949951172
36,C1419310,C3654842,0.12725771963596344
37,C2578591,C1990733,-0.1076604351401329
38,C0367996,C0489398,-0.03722347691655159
39,C1158447,C0931178,-0.05914848670363426
40,C2682856,C3896023,-0.1631350964307785
41,C2940784,C0939026,0.11171157658100128
42,C0882348,C1191224,-0.09443885087966919
43,C3247665,C1559984,0.2201724797487259
44,C0265966,C3891678,0.13140684366226196
45,C1868682,C1113743,0.01503859180957079
46,C1873230,C0430594,0.0377478189766407
47,C2809310,C3812343,0.11478544026613235
48,C3738098,C1978516,0.11120721697807312
49,C0942445,C0705909,-0.13276134431362152
50,C0959645,C0595459,-0.020475106313824654
51,C2598097,C1056049,-0.12682998180389404
52,C0026187,C3392891,0.03276490792632103
53,C0710255,C0078399,0.08097904920578003
54,C3925051,C0616843,0.14695140719413757
55,C2735564,C1101477,-0.022288406267762184
56,C1544210,C1052560,0.06383854150772095
57,C3227437,C0393547,0.018778866156935692
58,C1075005,C1693842,0.01365228183567524
59,C0482554,C1819186,0.08868049830198288
60,C2361222,C3034953,-0.02159958891570568
61,C1054876,C0951381,-0.017784247174859047
62,C0980506,C1332097,0.11166750639677048
63,C0521213,C1544327,0.07996392250061035
64,C1513237,C0023607,0.09557487815618515
65,C1978355,C1245344,-0.04715961590409279
66,C0903808,C3807357,0.009479711763560772
67,C1150382,C3117133,0.4273799955844879
68,C3246449,C3891774,-0.17920589447021484
69,C0175426,C0017920,0.03152429684996605
70,C1924185,C1524210,0.011346076615154743
71,C1526599,C0260069,0.09043771773576736
72,C0748852,C3106898,0.3925655782222748
73,C2286778,C1481380,0.12311217188835144
74,C0925832,C0598696,0.03690190985798836
75,C0939133,C1518051,-0.080561563372612
76,C2452949,C1140680,-0.09632762521505356
77,C1153097,C1565989,-0.05827775225043297
78,C3894044,C1513692,-0.009892391040921211
79,C0943530,C3911594,0.14683927595615387
80,C2719778,C2826825,0.5716241598129272
81,C3813764,C0798442,-0.00965453963726759
82,C0550610,C1547102,0.10064542293548584
83,C0978471,C1864010,-0.006678794045001268
84,C3168409,C3036448,0.17552857100963593
85,C3276821,C2735319,0.17913027107715607
86,C0656326,C3898195,-0.11793766170740128
87,C0034524,C0756892,0.10433638095855713
88,C1171168,C2498052,-0.28429222106933594
89,C0485640,C0365638,-0.04901522397994995
90,C0484464,C1155828,-0.08707890659570694
91,C3850342,C1315703,0.08082103729248047
92,C1710659,C2747769,-0.11112000048160553
93,C3822831,C0483719,-0.07482574880123138
94,C0600282,C2936250,0.03675081953406334
95,C0328198,C3534408,-0.062136150896549225
96,C2969952,C1848571,-0.2673676908016205
97,C1124479,C1414298,0.12640896439552307
98,C3887516,C0521471,-0.036482907831668854
99,C0030078,C0215848,-0.01034011971205473
100,C3596897,C2099487,-0.02561698481440544
101,C1935636,C1952631,0.07229051738977432
102,C1202225,C2446423,-0.027573982253670692
103,C0008671,C2268574,-0.01891237683594227
104,C0040671,C1085317,-0.025901440531015396
105,C2954405,C0062023,0.1482154130935669
106,C1672574,C1952688,0.05178844928741455
107,C2425759,C3025739,0.023743195459246635
108,C1113954,C3760662,-0.01524785254150629
109,C1954861,C4046617,0.002236149040982127
110,C1925929,C2503358,0.003304933663457632
111,C0541816,C0475732,-0.14055421948432922
112,C1147561,C2277695,-0.06535148620605469
113,C2607011,C0013856,-0.025991037487983704
114,C0085111,C1087394,0.036881815642118454
115,C1136152,C3895332,0.05315631255507469
116,C3915269,C0018862,-0.13663344085216522
117,C1675445,C0800759,-0.0066927592270076275
118,C0261059,C1717406,0.08734233677387238
119,C1941392,C0161803,-0.018934912979602814
120,C2821897,C0270847,-0.08939987421035767
121,C3407547,C0002875,-0.06541630625724792
122,C2701281,C3832820,-0.44404172897338867
123,C1326553,C0801767,0.25532111525535583
124,C0010850,C1715840,-0.008819320239126682
125,C1307172,C3533788,0.08547227084636688
126,C2829431,C3570763,-0.01611282490193844
127,C0551958,C0689763,0.007997515611350536
128,C1063706,C1424761,0.38651514053344727
129,C2685661,C3489983,0.001658958150073886
130,C0177300,C2279102,-0.06809978932142258
131,C1636643,C0942805,0.05659602954983711
132,C1653510,C1212385,-0.06981033831834793
133,C3737041,C1567799,-0.054107457399368286
134,C3618452,C3571252,0.811497688293457
135,C3409655,C1463580,-0.009990755468606949
136,C2399937,C3263049,0.3440546691417694
137,C0366442,C3339160,0.06819736212491989
138,C0482079,C3816131,0.030131878331303596
139,C2818436,C0023532,0.0947176143527031
140,C3483044,C0008559,-0.0031150130089372396
141,C1182318,C1824201,-0.3703593909740448
142,C2518692,C2997427,-0.5318968296051025
143,C1114359,C3857386,0.07281702756881714
144,C3278897,C0869501,-0.21100763976573944
145,C1657760,C0206179,0.09169553965330124
146,C0827732,C2360685,-0.009695567190647125
147,C4027249,C2694957,0.0108396140858531
148,C1519634,C3821688,-0.6826581358909607
149,C3699221,C1524268,0.05997464433312416
150,C3904890,C1154741,0.019562769681215286
151,C2969946,C0612896,-0.33852535486221313
152,C2780470,C0925002,-0.19199155271053314
153,C3596282,C1670561,-0.04803483188152313
154,C2670368,C0880267,0.23166975378990173
155,C0981555,C0712824,0.007921243086457253
156,C1738885,C3165668,0.21090881526470184
157,C1439862,C0883205,-0.01746528223156929
158,C0503457,C2970662,0.02276911772787571
159,C0804048,C0042944,0.10531735420227051
160,C1050319,C2295522,0.28235265612602234
161,C1342847,C1635818,0.005294016096740961
162,C1544142,C0802091,-0.13105660676956177
163,C0329178,C0149782,0.10180950164794922
164,C3360922,C1569311,-0.09559512883424759
165,C0383442,C3608959,-0.13368432223796844
166,C2787216,C1206226,-0.6858194470405579
167,C3739861,C0278652,-0.08561871945858002
168,C1369518,C3633042,0.1405894160270691
169,C1567121,C0253664,-0.019960708916187286
170,C2240574,C2732143,0.03983638808131218
171,C0942711,C3494255,0.014146068133413792
172,C3561603,C3395993,0.32230865955352783
173,C1369466,C0798259,-0.12681178748607635
174,C2403151,C1421243,0.12436527013778687
175,C1676180,C3243730,-0.18744967877864838
176,C1015635,C1067075,0.035875868052244186
177,C3974226,C0526147,0.015650613233447075
178,C0991827,C1419234,-0.04148532450199127
179,C1113807,C1336182,-0.020883876830339432
180,C2701781,C3112610,-0.23139898478984833
181,C0391160,C2360326,0.06258150935173035
182,C1649538,C3609621,-0.09581256657838821
183,C3248712,C1062437,-0.0939006507396698
184,C0162303,C0666904,0.13159573078155518
185,C2924284,C1311781,0.27551373839378357
186,C0393047,C2606309,-0.01218483503907919
187,C3887683,C3884274,-0.24933920800685883
188,C3168383,C1883607,0.08134562522172928
189,C1148064,C0026609,-0.15348121523857117
190,C3158799,C0550757,0.4459933638572693
191,C0483860,C3811690,-0.3384515047073364
192,C1524386,C1525758,-0.05426613241434097
193,C3106105,C3428706,0.3252856135368347
194,C0149761,C0486317,-0.13054515421390533
195,C2628238,C2282136,0.333833783864975
196,C1688975,C0826235,0.2838013470172882
197,C0944416,C1948024,-0.07752580940723419
198,C1308454,C3030348,-0.10661546140909195
199,C1572305,C1710891,0.40688008069992065
200,C2606824,C1884938,0.14344196021556854
201,C0282616,C3623751,0.1791357398033142
202,C2634976,C0050145,0.0031977558974176645
203,C3332318,C1627014,-0.09860283881425858
204,C1307175,C0652816,-0.018795715644955635
205,C0924016,C2240151,-0.09861879050731659
206,C3754112,C3071514,-0.28282850980758667
207,C1507534,C3660261,-0.16959452629089355
208,C3824221,C0178706,0.09313307702541351
209,C2987771,C0943193,-0.04151355102658272
210,C0880677,C0340464,-0.14812776446342468
211,C2798395,C0751675,-0.06938938051462173
212,C0156088,C3344561,-0.11330767720937729
213,C0363955,C3411799,-0.013513276353478432
214,C3911580,C1978097,0.19539198279380798
215,C1645759,C3815433,-0.07254169136285782
216,C0032974,C3992903,-0.011126190423965454
217,C3136135,C3256758,0.2510114908218384
218,C3810939,C2754453,-0.823114812374115
219,C2923507,C2998131,-0.07224079966545105
220,C3966203,C2692608,0.4934625029563904
221,C0082603,C1192760,-5.26317220646888E-4
222,C0256139,C1708937,0.025848565623164177
223,C0942623,C0482540,-0.07065597176551819
224,C0652586,C1187388,0.04433076083660126
225,C0552253,C3259294,0.054372455924749374
226,C1977091,C0330208,0.3988334834575653
227,C1924248,C2361378,-0.10086473822593689
228,C1717334,C1077791,-0.2648599147796631
229,C1332015,C0775753,0.3686804473400116
230,C1846573,C0630204,-0.0553949736058712
231,C0628911,C3032464,-0.3104255199432373
232,C2607831,C0712207,-0.027405060827732086
233,C2338046,C0020687,0.05568870157003403
234,C1423717,C0850996,0.117667056620121
235,C3440559,C1145370,0.04200423136353493
236,C2460587,C0798107,-0.21229837834835052
237,C3043706,C1874130,0.09554027765989304
238,C0658638,C2681709,0.1651879847049713
239,C0550557,C1647448,0.15520372986793518
240,C1444956,C0021053,-0.5535846948623657
241,C1545069,C0713359,0.11428338289260864
242,C0797058,C2536356,-0.06705697625875473
243,C2810120,C1644217,0.0052267261780798435
244,C0728740,C3772844,-0.3253922462463379
245,C1549069,C0614549,-0.028045814484357834
246,C1198670,C3327223,-0.2165721207857132
247,C1919387,C2310350,-0.09778115153312683
248,C3489904,C0799579,-0.05351581051945686
249,C1422425,C2656482,-0.05270155146718025
250,C1948581,C3259416,0.7226936221122742
251,C3797915,C3558923,0.13662612438201904
252,C1715286,C2464026,-0.33794769644737244
253,C0000814,C0023636,-0.1158212274312973
254,C0425661,C3939835,0.064960777759552
255,C0085383,C2986799,-0.06787951290607452
256,C0485421,C2373020,0.09240185469388962
257,C2664440,C1873005,-0.21657441556453705
258,C3599585,C1699741,-0.1823335438966751
259,C1029344,C0944885,-0.17206928133964539
260,C0065493,C1514764,-0.02066931314766407
261,C1527150,C2393792,-0.10736511647701263
262,C1979284,C3825468,-0.2403862327337265
263,C3541223,C1148761,0.12177897989749908
264,C0018681,C1189393,-0.3490675389766693
265,C1147445,C3811524,0.1384246051311493
266,C3392415,C2946461,-0.08378570526838303
267,C1032649,C0551949,0.03572931885719299
268,C1647757,C1008079,-9.736017091199756E-4
269,C2660312,C2988155,-0.33218732476234436
270,C1661334,C2689346,-0.07669050991535187
271,C0941531,C3959162,0.10764027386903763
272,C1137729,C0280220,-0.13098469376564026
273,C1315982,C0935269,-0.3715894818305969
274,C1312559,C3016744,0.011779991909861565
275,C1160172,C2001127,0.04880555346608162
276,C0690083,C1927426,-0.07596098631620407
277,C0880419,C0800456,0.06624037027359009
278,C0003507,C1526086,0.2587135136127472
279,C3741813,C0385251,-0.04647484049201012
280,C0827652,C1148246,0.048037443310022354
281,C0551871,C1957390,-0.2133169025182724
282,C1702011,C0880130,-0.0010946124093607068
283,C1538680,C0751987,0.04867682233452797
284,C1549094,C2247656,0.04340042546391487
285,C2813862,C1033842,0.09328644722700119
286,C3275141,C3470287,0.5604738593101501
287,C0945467,C1226450,-0.0357186459004879
288,C0364062,C0815907,-0.061612650752067566
289,C1414386,C0485627,0.014133326709270477
290,C1526595,C3200110,0.30092424154281616
291,C0550196,C1487499,-9.005298488773406E-4
292,C2348019,C3499619,-0.09393284469842911
293,C0022782,C2685570,-0.19821615517139435
294,C0971810,C2824401,-0.08927255123853683
295,C0995661,C0549710,0.3775171935558319
296,C3121941,C3786413,0.0333256870508194
297,C2794458,C3402577,0.08683163672685623
298,C3551840,C3590838,-0.2844443619251251
299,C3130933,C1082443,-0.5882027745246887
300,C0281632,C0717309,-0.06201087310910225
301,C1035104,C1876213,-0.026931311935186386
302,C1995849,C1329020,0.054037224501371384
303,C2923891,C1905275,0.14724025130271912
304,C2802339,C3653289,-0.08984490483999252
305,C1452533,C3011772,0.05872529745101929
306,C3701198,C1835342,-0.1630403846502304
307,C3176055,C0941855,0.12018998712301254
308,C0585029,C1445993,-0.19899916648864746
309,C1823791,C3553644,-0.18979281187057495
310,C3032382,C1426010,-0.012536748312413692
311,C0079541,C1414805,-0.20408155024051666
312,C2946346,C2599303,0.8377699851989746
313,C3618808,C1678038,-0.11435195803642273
314,C0977516,C0690825,0.11287114769220352
315,C3611184,C0800746,-0.14809347689151764
316,C2738979,C0485674,-0.052188899368047714
317,C0039600,C3176064,-0.07230808585882187
318,C0941708,C1621630,-0.02977876365184784
319,C0178543,C1824719,-0.18388547003269196
320,C0019977,C3119428,-0.19376464188098907
321,C0026374,C3813705,0.4697345793247223
322,C1978048,C0085484,-0.3015195429325104
323,C1576346,C0036078,-0.1325443685054779
324,C3728783,C1869229,0.6028037071228027
325,C3124717,C2678925,0.03248557820916176
326,C3352499,C0482714,0.04391045123338699
327,C3968378,C0639435,0.5833277702331543
328,C2579566,C0980713,0.04830774664878845
329,C1336557,C0240223,0.09575407207012177
330,C2598943,C0016989,-0.12280504405498505
331,C0366496,C1302025,0.030128851532936096
332,C1412428,C1823959,0.08665899187326431
333,C3062271,C0278863,-0.15120375156402588
334,C1147126,C2656584,-0.028878258541226387
335,C0799226,C3243437,0.05841277167201042
336,C0367310,C0798258,-0.13085001707077026
337,C0484019,C3847736,0.010422734543681145
338,C3887523,C1316483,-0.2789917290210724
339,C1632978,C3888018,-0.14405125379562378
340,C0185965,C2003577,0.0478898249566555
341,C1037611,C1941565,-0.06464587152004242
342,C1148237,C1558525,0.059412937611341476
343,C1032598,C0880068,0.2971617579460144
344,C1616327,C1870795,0.021321577951312065
345,C1179213,C0021532,0.09522946923971176
346,C0550195,C3233363,-0.6654548645019531
347,C1020245,C3974959,0.03364128619432449
348,C2361311,C2599172,0.05407523736357689
349,C0042509,C3791996,-0.3575977087020874
350,C0645169,C0488582,-0.038957443088293076
351,C0772979,C2129214,-0.060303591191768646
352,C0367783,C0364388,-0.2375703603029251
353,C0365800,C2923262,-0.2528022825717926
354,C0030859,C2392771,0.07841569930315018
355,C2807108,C3176100,0.08356517553329468
356,C1378317,C3713017,0.3579670190811157
357,C2304383,C1194635,0.34694528579711914
358,C0008221,C2788942,-0.3927035629749298
359,C0319269,C3464559,0.28094932436943054
360,C0934303,C0978537,-0.06654222309589386
361,C0482364,C1430441,0.06792408227920532
362,C3064603,C1955511,0.09520021080970764
363,C3166167,C3318528,0.04524604603648186
364,C1301894,C1259556,-0.08484309166669846
365,C2651198,C1539750,0.23786191642284393
366,C0280268,C1927244,0.12239661067724228
367,C0362869,C2652383,-0.08481336385011673
368,C1315924,C2638131,0.019004391506314278
369,C3840697,C3765753,-0.36455997824668884
370,C1674899,C2755503,-0.009139271453022957
371,C2439851,C2679217,0.07061464339494705
372,C2703853,C1154746,-0.022680334746837616
373,C2829864,C0385774,-0.11908385902643204
374,C3496782,C0637851,0.044695284217596054
375,C1522612,C1714997,0.14222435653209686
376,C2375248,C1927522,0.17608363926410675
377,C0459952,C2687404,0.06068054959177971
378,C0448144,C1544029,-0.040060702711343765
379,C3754186,C0047861,-0.05724455043673515
380,C2421171,C2708580,0.0737360417842865
381,C3095124,C0021263,-0.48533913493156433
382,C0534825,C2749759,0.32966291904449463
383,C0616453,C1573459,0.01229525450617075
384,C2344625,C1505584,0.1752474457025528
385,C1203454,C3188873,0.07119212299585342
386,C3844082,C2604261,0.021319502964615822
387,C0716838,C1527419,0.29537782073020935
388,C0631712,C3012608,0.01930808834731579
389,C3278515,C2444722,5.018653973820619E-5
390,C1110594,C0365099,-0.05568305775523186
391,C3636052,C2304263,0.19410403072834015
392,C0550082,C1697989,0.23692622780799866
393,C2532919,C3333796,-0.27240845561027527
394,C2961911,C2332042,0.05150051787495613
395,C1150162,C0079173,0.0016986423870548606
396,C3814690,C1420631,-0.3547269403934479
397,C0452458,C0529036,-0.05384796857833862
398,C1435902,C2708941,-0.03278173878788948
399,C1384511,C3474128,-0.0640527755022049
400,C3146899,C2727154,-0.28523018956184387
401,C1021953,C0254123,0.006152638699859381
402,C0896830,C3528994,-0.03297853842377663
403,C3926826,C2460720,0.06685613840818405
404,C2992952,C0364170,-0.04630300775170326
405,C2661960,C3618903,0.05700484663248062
406,C2361148,C1530192,-0.13873407244682312
407,C2944794,C1525717,-0.05683792009949684
408,C1310888,C1432515,-0.011653413996100426
409,C0691837,C1880256,-0.07125765830278397
410,C1151351,C0628280,0.0010193457128480077
411,C0822946,C0116250,-0.050689373165369034
412,C0031268,C1942844,0.0176127627491951
413,C3932895,C1311961,0.232949361205101
414,C1715564,C0679468,0.007695415988564491
415,C1003969,C0317742,0.02164926938712597
416,C1051111,C1819406,-0.02761819399893284
417,C3012081,C0366738,-0.1571567803621292
418,C0752265,C0882311,-0.044906724244356155
419,C1369790,C2515751,-0.12160804122686386
420,C0384502,C1573269,0.14119571447372437
421,C3257887,C3027822,0.025502143427729607
422,C1822817,C1221100,0.4099639058113098
423,C3118190,C1526593,0.20839880406856537
424,C0826141,C0363417,-0.006690172012895346
425,C0881500,C1539089,-0.040859874337911606
426,C1070037,C1954364,-0.10970909893512726
427,C2411817,C3857861,0.3047245740890503
428,C0689485,C0363345,-0.011441203765571117
429,C0797682,C1950723,0.12422988563776016
430,C2797383,C0728759,0.0798051506280899
431,C0802040,C1288524,0.05215546488761902
432,C1156091,C0043540,0.08588796108961105
433,C1836417,C0804446,0.12464231997728348
434,C3470126,C0636191,-0.0737493559718132
435,C3943550,C2680482,-0.019950129091739655
436,C1544316,C2937520,0.11189147084951401
437,C1953953,C0797815,-0.06072111055254936
438,C2980449,C0295140,-0.6149135231971741
439,C3999542,C2484787,0.28894007205963135
440,C3642344,C2809186,0.5380788445472717
441,C1423526,C0941622,0.08868907392024994
442,C1868689,C0740944,0.7353515625
443,C2717643,C0029000,-0.2744463086128235
444,C2715671,C1254201,-0.0805763453245163
445,C0009952,C2295285,-0.1718696653842926
446,C2350418,C0075142,0.17485788464546204
447,C0363980,C0967663,-0.6215016841888428
448,C2241228,C3494160,0.14631664752960205
449,C3379642,C1688043,-0.11799327284097672
450,C2654362,C0504933,0.08144393563270569
451,C1749421,C3359110,0.00996004231274128
452,C0226804,C3089653,0.052830666303634644
453,C0445748,C2269950,0.029841093346476555
454,C0655100,C0974907,-0.032331179827451706
455,C0375778,C0803319,-0.07328833639621735
456,C1072492,C3057062,0.058890797197818756
457,C0277120,C3908028,-0.007437265012413263
458,C2613639,C3108969,0.2378842681646347
459,C0022333,C2938480,0.015321056358516216
460,C0961026,C2428071,-0.016539685428142548
461,C0827155,C3215553,-0.010300949215888977
462,C2681758,C1035144,-0.002637930680066347
463,C0039226,C3692705,0.13236938416957855
464,C3490146,C3393329,-0.19321168959140778
465,C0021735,C0184352,0.1206325814127922
466,C0149871,C1328256,0.021747784689068794
467,C1556684,C0976907,-0.14216762781143188
468,C0975430,C1215010,0.10316361486911774
469,C2617405,C0014599,0.14117911458015442
470,C3171814,C0033775,-0.25505730509757996
471,C3417724,C0800709,-0.05755787342786789
472,C1262346,C0941596,0.10327635705471039
473,C2279787,C2811508,0.06829263269901276
474,C0025149,C0730732,-0.12155463546514511
475,C3320492,C2587113,0.8042745590209961
476,C2650694,C3541699,0.8661601543426514
477,C0364893,C0242589,0.1011357232928276
478,C1156700,C3026776,8.077062666416168E-4
479,C0455099,C3361065,0.1330176591873169
480,C1977720,C1714888,0.048469725996255875
481,C1524813,C3453960,-0.07480961084365845
482,C0280296,C2372525,0.1396551877260208
483,C0226829,C0046319,0.061080142855644226
484,C1616275,C0366525,-0.009769854135811329
485,C0980633,C0017992,-0.12170124053955078
486,C3610551,C1417811,0.006255732383579016
487,C1837963,C1717349,0.06323186308145523
488,C3373317,C0483146,0.6683424115180969
489,C0010805,C1834144,-0.08288763463497162
490,C0234540,C1880616,-0.37860992550849915
491,C0802903,C0942492,-0.10845170170068741
492,C0832723,C1518155,0.038051407784223557
493,C3540543,C3711399,-0.033767521381378174
494,C0037817,C0086203,0.13538898527622223
495,C3600238,C2289441,-0.05184333026409149
496,C0328488,C0362816,0.12265095859766006
497,C1193666,C2688628,-0.07659614086151123
498,C1271941,C0942634,-0.06851817667484283
499,C3266858,C2412698,-0.0036765090189874172
500,C3780677,C1842153,-0.08102986216545105
501,C1969039,C2282714,-0.028635168448090553
502,C3625588,C0228614,-0.055240653455257416
503,C0980022,C2416222,0.0631294772028923
504,C3239796,C0208138,-0.005531903821974993
505,C3481635,C1316123,-0.22316846251487732
506,C3991502,C0734671,0.32255321741104126
507,C0602738,C0956944,-0.0396277941763401
508,C3928914,C0279587,0.12751011550426483
509,C1144000,C2239999,0.07739695906639099
510,C0226609,C1113893,-0.11670520901679993
511,C2605807,C1021932,-0.18007579445838928
512,C1427116,C2648664,-0.09480361640453339
513,C1880841,C2782078,0.032333336770534515
514,C1830344,C2326914,-0.9875028729438782
515,C0881751,C2617601,-0.05782324820756912
516,C2290941,C0242987,0.07791206240653992
517,C0300196,C2525447,0.016632987186312675
518,C1423708,C3566425,-0.12749014794826508
519,C1953018,C0676939,0.05288826301693916
520,C0332468,C1817048,0.06438464671373367
521,C0485175,C0797571,0.06174405664205551
522,C0673663,C3654155,-0.024505777284502983
523,C2985356,C1622318,-0.1304955780506134
524,C0060696,C1482988,0.3895686864852905
525,C0662155,C1875704,0.06853080540895462
526,C1716319,C0597434,0.07730991393327713
527,C0013494,C0945505,-0.012944105081260204
528,C2723821,C0827042,0.4529276490211487
529,C1976934,C3257816,-0.016820024698972702
530,C1422986,C0023299,0.03868936374783516
531,C0504590,C1437095,-0.01891782134771347
532,C0270612,C0800614,-0.12128446996212006
533,C3828742,C1315743,0.0681769847869873
534,C2686241,C3772330,-0.03389319032430649
535,C0613959,C3211725,0.1043604388833046
536,C3974649,C1225967,0.16990305483341217
537,C0803440,C2780245,-0.23804697394371033
538,C1134566,C1553265,-0.05056881904602051
539,C0717976,C2412638,0.03151194378733635
540,C2444166,C1315336,-0.0585169643163681
541,C2973070,C2949308,-0.6415721774101257
542,C0938466,C0798594,0.05924684554338455
543,C0600500,C0222770,-0.07731527090072632
544,C3006607,C0154842,-0.3198449909687042
545,C1011747,C2822659,-0.09344316273927689
546,C1570686,C0887848,-0.3065774738788605
547,C1602412,C1417012,-0.025050517171621323
548,C3341852,C0365966,-0.0861024335026741
549,C1313009,C0355699,-0.07176676392555237
550,C1538979,C1527044,-0.07582162320613861
551,C1893126,C0010298,-0.049825526773929596
552,C2926049,C1568516,0.11246263980865479
553,C3009100,C2419394,-0.034464031457901
554,C3927869,C2348868,0.14562523365020752
555,C1335073,C3902085,-0.081105075776577
556,C0047799,C4015800,-0.2620425522327423
557,C0802382,C3982113,0.012185739353299141
558,C0872697,C0484163,-9.240970248356462E-4
559,C0678761,C2759134,0.14177627861499786
560,C2477766,C0367238,0.03079061582684517
561,C0005976,C1591735,0.014181649312376976
562,C2336654,C0936454,-0.037105608731508255
563,C0880466,C0455099,-0.06730917096138
564,C0687883,C3762096,-0.0697464719414711
565,C0282641,C0358842,-0.22579115629196167
566,C3465044,C1552732,0.01508414838463068
567,C2931150,C2973562,-0.18831339478492737
568,C3976235,C3725259,-0.8197312355041504
569,C1498089,C0206055,0.009466654621064663
570,C0522476,C0083846,-0.34001725912094116
571,C1678591,C3719914,0.65651935338974
572,C0500798,C3957428,0.7061658501625061
573,C3482309,C1953328,0.14369015395641327
574,C3809859,C0376171,0.2272954285144806
575,C0977588,C0262019,0.09254034608602524
576,C3590049,C3218853,-0.06559038162231445
577,C4034996,C1235296,0.030122725293040276
578,C0953849,C1517057,0.06604889780282974
579,C1414078,C3540114,-0.2052564173936844
580,C2662936,C3644443,-0.060407448559999466
581,C3921648,C3435325,0.08839509636163712
582,C1147032,C0292639,0.13866576552391052
583,C0799125,C1817218,0.041326429694890976
584,C0060103,C1438111,-0.04093903303146362
585,C2923851,C3726137,-0.12928584218025208
586,C0232209,C1825397,0.053471602499485016
587,C0927085,C2550626,-0.11147359758615494
588,C0683825,C2942661,0.31376925110816956
589,C1622334,C1544096,-0.38367000222206116
590,C3822503,C2288445,-0.185318261384964
591,C3736595,C0627252,0.03776840493083
592,C3414989,C1949276,-0.056806501001119614
593,C1134698,C0230087,0.10409870743751526
594,C1334026,C2923613,0.056164927780628204
595,C1526578,C1423546,-0.13897807896137238
596,C2709486,C3944473,-0.0026291057001799345
597,C2471490,C1150557,0.013409186154603958
598,C0927819,C1575073,0.05126578360795975
599,C0474543,C1551067,-0.10895413905382156
600,C2490177,C2326964,0.09822508692741394
601,C0485283,C1426082,-0.04981851577758789
602,C1147749,C2619499,0.32611319422721863
603,C0427480,C0240533,0.01661999523639679
604,C2657506,C0797728,-0.024522896856069565
605,C0020861,C2414697,-0.160401850938797
606,C0012482,C1416808,-0.09093082696199417
607,C1567744,C3667081,0.0036344595719128847
608,C1378364,C0341858,-0.10929650813341141
609,C1548154,C2734234,0.008985842578113079
610,C1234830,C0021461,0.09371864050626755
611,C1661326,C3746011,0.05593260005116463
612,C0364430,C1579749,0.025019798427820206
613,C1839110,C3490453,0.056809328496456146
614,C0484590,C3916591,0.17378726601600647
615,C0800899,C0616047,-0.0427531898021698
616,C2563732,C2351368,-0.1970849186182022
617,C0032231,C0071923,-0.0883442685008049
618,C2649782,C0923640,0.08152423799037933
619,C3494428,C1415068,0.0508987233042717
620,C2510740,C0423128,-0.07130410522222519
621,C2746975,C3895740,0.12938152253627777
622,C1989212,C0317665,0.10623816400766373
623,C2396488,C1224260,-0.08677508682012558
624,C3407947,C1737325,-0.11973147094249725
625,C3403016,C2708919,0.05772437900304794
626,C1044169,C2772270,-0.07600397616624832
627,C0366309,C1315345,-0.4551958739757538
628,C0013055,C2605495,0.07293666154146194
629,C1813987,C3322333,0.8642072081565857
630,C1625730,C1979161,-0.13349205255508423
631,C2341613,C1954116,-0.15602515637874603
632,C3721470,C3260753,0.19952702522277832
633,C0881102,C3272287,-0.09058154374361038
634,C0155587,C0015970,-0.017701774835586548
635,C1427920,C1838702,-0.11569307744503021
636,C2944845,C1332801,0.4777495861053467
637,C0004842,C1935851,-0.11301764845848083
638,C1324975,C3503366,-0.06823465973138809
639,C0824402,C1316370,-0.019033007323741913
640,C0658103,C1854225,0.04163932427763939
641,C3259957,C3654407,0.06325423717498779
642,C0712835,C1668585,0.09659785032272339
643,C3037170,C3699612,-0.029249796643853188
644,C0804381,C0011135,-0.029562566429376602
645,C1545729,C0317920,-0.005985757801681757
646,C2525697,C0028395,0.006167782004922628
647,C0803105,C0085105,-0.0978182703256607
648,C1704879,C0802196,-0.7855755686759949
649,C2708753,C1324975,0.031809426844120026
650,C0602345,C3262614,0.17527925968170166
651,C0202830,C0296689,-0.10935208946466446
652,C0388979,C0803483,0.14945386350154877
653,C0798879,C2577951,-0.06757247447967529
654,C1315511,C0126344,-0.03113390877842903
655,C2708852,C3887542,-0.7241984605789185
656,C2289449,C1142633,-0.01529026124626398
657,C2605914,C0945583,-0.1344435065984726
658,C0366327,C3001870,0.010286024771630764
659,C0159877,C1825005,-0.10434607416391373
660,C2917028,C3486488,0.08499690890312195
661,C0629013,C0362262,-0.12774698436260223
662,C3484131,C1326130,-0.08978821337223053
663,C0944657,C1422736,0.18408767879009247
664,C1493372,C1717569,0.04795417562127113
665,C0001133,C0799992,0.06564223021268845
666,C0939788,C1447172,0.10087396949529648
667,C2301411,C3169688,0.19123047590255737
668,C3723138,C2718184,0.06523070484399796
669,C3547047,C2517103,0.04247051849961281
670,C2652609,C3317721,0.18830378353595734
671,C1089776,C0226850,-0.3459930717945099
672,C3830897,C1978581,-0.029418129473924637
673,C0008961,C2926400,-0.07173249125480652
674,C0497409,C1206219,-0.06313315033912659
675,C1501462,C0023440,0.04643939435482025
676,C0680826,C3547141,-0.20463022589683533
677,C3391619,C0800215,0.02190604992210865
678,C2929267,C3667858,-0.7593029737472534
679,C2301981,C3533812,-0.007394834887236357
680,C1537832,C1572636,0.08302245289087296
681,C1333173,C3772942,0.07123061269521713
682,C0225976,C0826993,0.09738500416278839
683,C0363642,C2642553,0.11156395822763443
684,C1219032,C1113978,0.19154728949069977
685,C0081620,C0975724,-0.19796796143054962
686,C2306657,C1952810,-0.12993253767490387
687,C3206132,C1426025,-0.147659569978714
688,C2773662,C0764974,0.12720276415348053
689,C0238461,C1952834,-0.10590995848178864
690,C2629647,C1259455,-0.34549006819725037
691,C4012323,C3585348,-0.14621679484844208
692,C2462127,C1114637,0.08364162594079971
693,C1085936,C0488845,-0.13860367238521576
694,C1464110,C0774580,-0.01518599409610033
695,C0682610,C0880115,0.02688191458582878
696,C3828371,C0800292,0.20590518414974213
697,C2577536,C3469621,0.8239864110946655
698,C2918009,C0295950,0.014567098580300808
699,C2599162,C0801209,0.06718505173921585
700,C1151607,C0909271,0.06635844707489014
701,C0368144,C1438861,0.1105867549777031
702,C2639894,C0019386,-0.2260623425245285
703,C2729790,C3893834,-0.02694825269281864
704,C0152289,C1544715,-0.12024810910224915
705,C0012274,C3423366,-0.03257562965154648
706,C1907485,C0227136,0.05725064501166344
707,C0506910,C4019173,-0.09933606535196304
708,C2525419,C0797091,0.5417287945747375
709,C1508027,C0162748,-0.9289556741714478
710,C0959511,C3094463,-0.09185124188661575
711,C2536899,C2735756,-0.6612331867218018
712,C0488058,C0485259,0.058675263077020645
713,C0946391,C1373124,0.2677799463272095
714,C4018549,C2768248,0.18774445354938507
715,C2530170,C2283288,-0.10424371808767319
716,C2685052,C3245210,-0.6143497228622437
717,C1506757,C0331137,0.004162733443081379
718,C1709089,C1543381,-0.12279399484395981
719,C0541792,C3891316,0.09344124048948288
720,C0342467,C2641376,-0.01226046308875084
721,C3228670,C3815965,0.43432551622390747
722,C3282677,C1058903,0.011390903033316135
723,C1723182,C0113723,0.05854101851582527
724,C1687336,C0694140,0.16351164877414703
725,C1071563,C1136148,-0.038915589451789856
726,C0880158,C1495786,0.026048310101032257
727,C1188423,C2245303,-0.0021288313437253237
728,C0482787,C2348368,-0.030529575422406197
729,C0638546,C0492333,-0.17837581038475037
730,C3754355,C0060605,-0.8314089179039001
731,C1961983,C0953278,0.11206499487161636
732,C0013291,C0485972,0.052549805492162704
733,C1253197,C1977892,0.0061654867604374886
734,C2648133,C0486212,0.04672794044017792
735,C0366345,C3488914,0.7948108315467834
736,C1025627,C2790043,0.0372479110956192
737,C0637104,C1978221,-0.14728564023971558
738,C2355475,C1435037,0.09158042818307877
739,C3813641,C1326761,-0.0688825324177742
740,C0169798,C0980221,0.11988773941993713
741,C3194621,C2409542,-0.20524826645851135
742,C2695094,C0708057,0.08221567422151566
743,C2734593,C0775245,0.022687429562211037
744,C2414801,C0003070,-0.06877996027469635
745,C0752295,C1006307,-0.03440091013908386
746,C1273362,C2425917,-0.006396702956408262
747,C3979175,C0739782,0.09370753914117813
748,C0803875,C0367240,-0.06680929660797119
749,C3608565,C2604829,-0.8362000584602356
750,C1493540,C2471875,0.03987198695540428
751,C0362851,C0551358,-0.00721355015411973
752,C3502312,C0800194,-0.025825275108218193
753,C0038319,C2986948,0.08509103208780289
754,C0280617,C2349920,0.12778548896312714
755,C1597393,C2598376,0.09549324214458466
756,C3411429,C0549671,-0.09084787219762802
757,C2751072,C2341796,-0.37792089581489563
758,C3903596,C0055003,0.022733168676495552
759,C0376628,C0362554,0.015685606747865677
760,C0017951,C1416444,-0.1036681979894638
761,C1600407,C1874132,0.11978190392255783
762,C0882511,C0497161,-0.09981594979763031
763,C1314780,C1125120,-0.1103825494647026
764,C0525730,C1949154,-0.027720917016267776
765,C1706037,C1519830,0.04327326640486717
766,C0804316,C1648940,-0.1643720120191574
767,C2402276,C0882528,-0.2021360695362091
768,C0485355,C2430413,-0.15995211899280548
769,C0979936,C1159384,-0.021220043301582336
770,C0012798,C1624672,0.18257486820220947
771,C1538692,C0642283,-0.12881164252758026
772,C1247113,C1551957,7.479771738871932E-4
773,C0945464,C2400315,-0.09741417318582535
774,C1545427,C1578184,0.4434891641139984
775,C2406402,C2821282,-0.09714069217443466
776,C2479282,C0945082,-0.1638176292181015
777,C0229819,C0031364,-0.13303346931934357
778,C3412600,C0944517,-0.06962445378303528
779,C1948501,C0081671,0.12235579639673233
780,C0580797,C3893828,-0.0694107636809349
781,C0439774,C1453151,0.1806333214044571
782,C0923409,C3538925,-0.05351913720369339
783,C1944234,C3822247,-0.03975604102015495
784,C0019028,C0482438,-0.13311754167079926
785,C2644454,C3349099,0.2744790315628052
786,C3341959,C1911161,0.04533898085355759
787,C0006938,C0799749,0.02134764939546585
788,C0228423,C3548266,0.23247258365154266
789,C1244071,C3089808,0.0077741011045873165
790,C0022346,C1414226,-0.035712141543626785
791,C3013231,C0345604,0.03967159986495972
792,C1416765,C1015808,-0.11474412679672241
793,C1526405,C0763482,-0.0048357234336435795
794,C0613830,C0646941,0.9174996018409729
795,C3061536,C0376175,0.1551438570022583
796,C1316271,C0880424,0.036765795201063156
797,C1542958,C0241321,-0.4024326503276825
798,C0069879,C2947023,0.09910714626312256
799,C0688787,C0033909,-0.07354455441236496
800,C1704545,C2447892,-0.03622342646121979
801,C1007363,C2313814,-0.05742756277322769
802,C0708781,C0366076,0.02514541521668434
803,C0603063,C0062797,0.0852348655462265
804,C0013902,C1902825,0.29950541257858276
805,C1605045,C1954353,-0.030983999371528625
806,C0386967,C0714615,-0.09077078849077225
807,C1670561,C3146231,0.0748206153512001
808,C0012154,C0801403,0.06879120320081711
809,C1168405,C1070571,-0.06066691502928734
810,C3818022,C0405992,0.11256970465183258
811,C0922657,C1543490,0.09330080449581146
812,C3499691,C1955044,0.04474459961056709
813,C3445814,C1668495,0.023553386330604553
814,C2395589,C0053422,0.13370934128761292
815,C0947785,C1954599,-0.22464361786842346
816,C0927342,C3303528,0.23587164282798767
817,C1416526,C2816860,0.1873282790184021
818,C1958506,C1067059,0.21342377364635468
819,C1850889,C1490025,-0.05790109187364578
820,C2753875,C0552046,-0.3237248957157135
821,C0053776,C0233624,-0.18513616919517517
822,C1513188,C2133607,-0.11141761392354965
823,C3751101,C3432943,0.013015326112508774
824,C3755846,C3346119,0.3970821797847748
825,C3325519,C3787125,-0.17604845762252808
826,C3737888,C0007348,0.0024346685968339443
827,C3494368,C0077901,0.012892073951661587
828,C1542862,C1717262,0.09320225566625595
829,C0367658,C3651362,0.03922586888074875
830,C0853281,C1955603,-0.09514184296131134
831,C1415473,C0710504,0.07292883843183517
832,C1305386,C3737390,-0.05691876634955406
833,C3919711,C0031495,0.3093777596950531
834,C0834219,C0074759,0.003429611213505268
835,C1714656,C2950642,-0.020994417369365692
836,C2271072,C2733905,0.012722962535917759
837,C1420163,C1716026,0.0359831228852272
838,C1556355,C0550772,-0.14910714328289032
839,C1197880,C0929631,0.009881742298603058
840,C3482219,C2924486,-0.3945617377758026
841,C0362388,C1494559,0.07556141167879105
842,C0801018,C0550891,-0.11196982115507126
843,C0482243,C1682805,0.33804118633270264
844,C1245396,C0737079,0.09801170974969864
845,C0822194,C0831263,0.10162043571472168
846,C0158695,C0660690,0.1234670877456665
847,C0507117,C2933229,0.624259352684021
848,C2780999,C2343853,-0.45410481095314026
849,C1420922,C0802088,0.07469048351049423
850,C3379259,C0701247,0.08576074987649918
851,C0606536,C0975305,-0.0931352749466896
852,C1539341,C1423529,-0.15008671581745148
853,C1186286,C0027763,-0.17492780089378357
854,C0944655,C1181943,-0.1531299650669098
855,C0322190,C3337675,0.051847778260707855
856,C3255717,C3752296,-0.04379536584019661
857,C1956107,C0363086,4.990251618437469E-4
858,C3829842,C2778534,-0.07506635040044785
859,C3147412,C2931004,0.15106971561908722
860,C2274679,C4002138,0.228593647480011
861,C0485512,C0882063,-0.02861640229821205
862,C2396757,C0854918,-0.8559226393699646
863,C2309562,C1147621,-0.06188465654850006
864,C2409869,C3269147,-0.04757168889045715
865,C3975483,C1955939,-0.01717742346227169
866,C0802705,C1224886,-0.043935079127550125
867,C1666898,C3484144,-0.07754181325435638
868,C0018818,C0797961,0.22169454395771027
869,C0482305,C3584943,0.03803391009569168
870,C3698804,C3800359,0.008157074451446533
871,C0949738,C0978637,-0.003059790702536702
872,C2963914,C0282141,-0.17999763786792755
873,C0806443,C0281468,-0.08126082271337509
874,C0280096,C2458556,-0.04843724146485329
875,C0026160,C2383685,-0.04701004549860954
876,C0076964,C1848291,0.0268697589635849
877,C0864640,C3376755,0.03197765722870827
878,C0028377,C1175747,0.11243212968111038
879,C1920812,C0642972,0.18284665048122406
880,C0818327,C1661754,-0.08850859105587006
881,C0481944,C0991700,0.2438509613275528
882,C3101227,C2567911,-0.7241226434707642
883,C2288648,C3399930,0.005207050126045942
884,C2000727,C2261240,-0.12469486147165298
885,C0485205,C1415135,-0.034495338797569275
886,C1260916,C0716151,-0.2696877717971802
887,C2702377,C3505710,-0.019731422886252403
888,C3654402,C3427671,-0.28808343410491943
889,C2416783,C0443335,-0.11983291804790497
890,C3960380,C1186797,-0.06134464591741562
891,C2931835,C1316635,-0.07077019661664963
892,C1855375,C0878128,0.070789635181427
893,C1570922,C0799304,-0.05232280120253563
894,C3153982,C1417989,0.10161302238702774
895,C2582766,C1600113,0.02841292694211006
896,C2391793,C3850081,-0.6053912043571472
897,C3313256,C1134421,0.0036318048369139433
898,C1031149,C1336936,-0.03475246578454971
899,C0801908,C3546875,-0.39249417185783386
900,C2984408,C0999257,0.04854078218340874
901,C0134072,C0943509,0.018681567162275314
902,C3780623,C0945675,-0.18125560879707336
903,C0215510,C1959029,-0.0033249808475375175
904,C0273486,C1316990,-0.055490802973508835
905,C1903757,C3149409,-0.062344517558813095
906,C0800203,C2109965,0.8365004062652588
907,C4036992,C0206654,-0.035980477929115295
908,C0820118,C0176198,-0.009496250189840794
909,C0315278,C2768196,-0.01929602026939392
910,C3803214,C0041612,0.14379584789276123
911,C1357949,C2535844,-0.089515320956707
912,C1428622,C1638839,0.10102354735136032
913,C2698415,C1316891,-0.037243109196424484
914,C1167082,C1518938,-0.02966243587434292
915,C3061518,C2310136,-0.07066033035516739
916,C3634975,C0802697,-0.07726483792066574
917,C0224076,C0955675,-0.45601892471313477
918,C1543222,C0018379,-0.04676321521401405
919,C1682549,C3172391,0.39115720987319946
920,C4037758,C1156158,-0.01347520761191845
921,C0687790,C1669355,-0.051004745066165924
922,C1953582,C1421355,0.1680675595998764
923,C2660190,C0482967,0.08830766379833221
924,C1862090,C2727672,0.029602859169244766
925,C2799915,C0889174,0.05313451215624809
926,C1823925,C0062278,0.048008836805820465
927,C0177026,C0037304,-0.08499054610729218
928,C2923663,C1069739,0.12035010010004044
929,C3013664,C0239845,-0.038383178412914276
930,C0337739,C0073543,-0.18335957825183868
931,C0030762,C1744525,0.23951274156570435
932,C1556415,C3640827,-0.2795546054840088
933,C0871172,C3937838,0.023869413882493973
934,C0060197,C0149562,-0.07228822261095047
935,C0031364,C0019937,-0.2412148416042328
936,C1423547,C1632725,-0.04255828633904457
937,C3502134,C2459676,0.004143774509429932
938,C0975043,C1910204,-0.01717429794371128
939,C3810788,C0389003,-0.06802542507648468
940,C2673131,C0910868,0.7057374715805054
941,C3124422,C0872752,0.006647488567978144
942,C1526384,C1453102,0.14696502685546875
943,C2309623,C1424086,-0.2656308710575104
944,C1113834,C2276327,-0.02961750142276287
945,C0532517,C0549812,-0.044232770800590515
946,C1517563,C2284592,0.4461430013179779
947,C3373440,C1151575,0.09823787212371826
948,C2338787,C0040864,0.03602501377463341
949,C2536533,C0337203,0.20127713680267334
950,C3796694,C2825574,0.04085175693035126
951,C3104294,C0039602,0.036845613270998
952,C0545902,C0385783,-0.1895313709974289
953,C0700539,C3946413,0.08986111730337143
954,C3174160,C1182221,0.03147847577929497
955,C4012142,C1265318,-0.07400240004062653
956,C1840028,C3258508,0.04746018722653389
957,C3651310,C1544799,0.05441243201494217
958,C0615036,C0268596,0.11347399652004242
959,C2259054,C0552177,-0.01202798169106245
960,C2452480,C1016641,-0.06603504717350006
961,C0934901,C1018020,0.04390164837241173
962,C1000767,C1558546,-0.3217853903770447
963,C1041101,C0483846,-0.034352775663137436
964,C0447388,C0815566,-0.00652588764205575
965,C0007093,C1978321,0.38864561915397644
966,C0270933,C2784507,-0.006740751676261425
967,C0597501,C3540066,0.027255389839410782
968,C3271732,C3973154,-0.015946099534630775
969,C1546978,C1370206,-0.032099753618240356
970,C0082035,C1014436,-0.013403331860899925
971,C0428594,C3116421,-0.17830036580562592
972,C0817515,C2567414,0.009726976044476032
973,C3732053,C3390558,0.026751289144158363
974,C0030448,C1428242,-0.2126045823097229
975,C2296935,C3841885,-0.09825321286916733
976,C3442841,C1824097,0.0075721717439591885
977,C1954057,C2567106,-0.4102621078491211
978,C0802884,C2984237,0.1998283714056015
979,C0916663,C0482311,-0.031568460166454315
980,C0189876,C0797284,-0.12645332515239716
981,C3541961,C2655075,0.004108256194740534
982,C1548969,C0797985,-0.014158238656818867
983,C0942778,C3987807,0.04937107861042023
984,C1714710,C1421582,0.034808892756700516
985,C0193036,C0793964,-0.056411247700452805
986,C1186086,C0070595,-0.07444906234741211
987,C1890897,C0963751,0.07274320721626282
988,C2660773,C0026544,-0.03217395767569542
989,C0014295,C1872203,0.38090959191322327
990,C2938761,C2277254,0.05128302797675133
991,C0690837,C0796906,0.05745965987443924
992,C0482030,C3692505,0.05635188892483711
993,C3601232,C1437871,-0.15306133031845093
994,C1874399,C1498226,-0.1727045476436615
995,C3019148,C3859225,0.23351040482521057
996,C1066853,C0228738,-0.11466394364833832
997,C3789846,C3373764,0.05898860841989517
998,C0141843,C1905629,-0.12671387195587158
999,C1113767,C1114463,-0.02228112518787384
